{
  "04 - Confirmar compra" : {
    "transaction" : "04 - Confirmar compra",
    "sampleCount" : 7007,
    "errorCount" : 0,
    "errorPct" : 0.0,
    "meanResTime" : 651.8642785785644,
    "medianResTime" : 371.0,
    "minResTime" : 258.0,
    "maxResTime" : 6597.0,
    "pct1ResTime" : 1236.0,
    "pct2ResTime" : 2379.199999999996,
    "pct3ResTime" : 5190.92,
    "throughput" : 56.823803229233405,
    "receivedKBytesPerSec" : 320.74452502209857,
    "sentKBytesPerSec" : 27.302061707795733
  },
  "Total" : {
    "transaction" : "Total",
    "sampleCount" : 29255,
    "errorCount" : 0,
    "errorPct" : 0.0,
    "meanResTime" : 721.0005810972525,
    "medianResTime" : 390.0,
    "minResTime" : 0.0,
    "maxResTime" : 18188.0,
    "pct1ResTime" : 2128.0,
    "pct2ResTime" : 3635.850000000002,
    "pct3ResTime" : 6240.0,
    "throughput" : 231.5173865560849,
    "receivedKBytesPerSec" : 1409.62639826451,
    "sentKBytesPerSec" : 74.48854469203559
  },
  "02 - Buscar voos" : {
    "transaction" : "02 - Buscar voos",
    "sampleCount" : 7243,
    "errorCount" : 0,
    "errorPct" : 0.0,
    "meanResTime" : 649.8369460168435,
    "medianResTime" : 370.0,
    "minResTime" : 262.0,
    "maxResTime" : 6565.0,
    "pct1ResTime" : 1209.0,
    "pct2ResTime" : 2371.5999999999985,
    "pct3ResTime" : 5183.479999999996,
    "throughput" : 58.05453583623218,
    "receivedKBytesPerSec" : 416.19038743517655,
    "sentKBytesPerSec" : 17.008164795771147
  },
  "Compra de passagem aerea" : {
    "transaction" : "Compra de passagem aerea",
    "sampleCount" : 7448,
    "errorCount" : 0,
    "errorPct" : 0.0,
    "meanResTime" : 2644.502551020416,
    "medianResTime" : 1613.0,
    "minResTime" : 0.0,
    "maxResTime" : 18188.0,
    "pct1ResTime" : 6026.4000000000015,
    "pct2ResTime" : 7451.199999999997,
    "pct3ResTime" : 11267.02,
    "throughput" : 58.87886669249073,
    "receivedKBytesPerSec" : 1363.7399132983392,
    "sentKBytesPerSec" : 72.4452627211515
  },
  "03 - Selecionar voo" : {
    "transaction" : "03 - Selecionar voo",
    "sampleCount" : 7124,
    "errorCount" : 0,
    "errorPct" : 0.0,
    "meanResTime" : 614.3663672094345,
    "medianResTime" : 366.0,
    "minResTime" : 257.0,
    "maxResTime" : 6544.0,
    "pct1ResTime" : 1038.5,
    "pct2ResTime" : 2275.75,
    "pct3ResTime" : 4870.0,
    "throughput" : 57.94790870194733,
    "receivedKBytesPerSec" : 380.2271965848639,
    "sentKBytesPerSec" : 19.636644843335663
  },
  "01 - Acessar home" : {
    "transaction" : "01 - Acessar home",
    "sampleCount" : 7381,
    "errorCount" : 0,
    "errorPct" : 0.0,
    "meanResTime" : 651.7488145237786,
    "medianResTime" : 373.0,
    "minResTime" : 252.0,
    "maxResTime" : 6664.0,
    "pct1ResTime" : 1176.4000000000005,
    "pct2ResTime" : 2333.699999999999,
    "pct3ResTime" : 4991.620000000003,
    "throughput" : 58.50275432964768,
    "receivedKBytesPerSec" : 271.7755595970554,
    "sentKBytesPerSec" : 9.998029304383149
  }
}