{
  "04 - Confirmar compra" : {
    "transaction" : "04 - Confirmar compra",
    "sampleCount" : 18181,
    "errorCount" : 0,
    "errorPct" : 0.0,
    "meanResTime" : 380.85616852758363,
    "medianResTime" : 348.0,
    "minResTime" : 260.0,
    "maxResTime" : 1419.0,
    "pct1ResTime" : 515.0,
    "pct2ResTime" : 569.8999999999978,
    "pct3ResTime" : 703.1800000000003,
    "throughput" : 60.84814570622471,
    "receivedKBytesPerSec" : 343.46088104892016,
    "sentKBytesPerSec" : 29.235632507287654
  },
  "Total" : {
    "transaction" : "Total",
    "sampleCount" : 73589,
    "errorCount" : 0,
    "errorPct" : 0.0,
    "meanResTime" : 390.7704412344229,
    "medianResTime" : 354.0,
    "minResTime" : 0.0,
    "maxResTime" : 5835.0,
    "pct1ResTime" : 527.0,
    "pct2ResTime" : 594.0,
    "pct3ResTime" : 2597.980000000003,
    "throughput" : 244.70366811094448,
    "receivedKBytesPerSec" : 1474.548896559421,
    "sentKBytesPerSec" : 78.52570863690325
  },
  "02 - Buscar voos" : {
    "transaction" : "02 - Buscar voos",
    "sampleCount" : 18358,
    "errorCount" : 0,
    "errorPct" : 0.0,
    "meanResTime" : 381.4306024621415,
    "medianResTime" : 348.0,
    "minResTime" : 263.0,
    "maxResTime" : 1468.0,
    "pct1ResTime" : 516.0,
    "pct2ResTime" : 568.0,
    "pct3ResTime" : 706.0,
    "throughput" : 61.3073650322934,
    "receivedKBytesPerSec" : 439.5108691228184,
    "sentKBytesPerSec" : 17.961142099304706
  },
  "Compra de passagem aerea" : {
    "transaction" : "Compra de passagem aerea",
    "sampleCount" : 18500,
    "errorCount" : 0,
    "errorPct" : 0.0,
    "meanResTime" : 1541.2162702702785,
    "medianResTime" : 1492.0,
    "minResTime" : 0.0,
    "maxResTime" : 5835.0,
    "pct1ResTime" : 1825.0,
    "pct2ResTime" : 1948.0,
    "pct3ResTime" : 2724.9600000000064,
    "throughput" : 61.49121174249475,
    "receivedKBytesPerSec" : 1461.5145189372158,
    "sentKBytesPerSec" : 77.95247144813466
  },
  "03 - Selecionar voo" : {
    "transaction" : "03 - Selecionar voo",
    "sampleCount" : 18258,
    "errorCount" : 0,
    "errorPct" : 0.0,
    "meanResTime" : 381.55477051155486,
    "medianResTime" : 349.0,
    "minResTime" : 262.0,
    "maxResTime" : 1495.0,
    "pct1ResTime" : 518.0,
    "pct2ResTime" : 571.0,
    "pct3ResTime" : 711.8199999999997,
    "throughput" : 61.04782380457207,
    "receivedKBytesPerSec" : 400.568333207251,
    "sentKBytesPerSec" : 20.687104355650884
  },
  "01 - Acessar home" : {
    "transaction" : "01 - Acessar home",
    "sampleCount" : 18442,
    "errorCount" : 0,
    "errorPct" : 0.0,
    "meanResTime" : 378.32442251382855,
    "medianResTime" : 342.0,
    "minResTime" : 255.0,
    "maxResTime" : 1860.0,
    "pct1ResTime" : 517.0,
    "pct2ResTime" : 569.0,
    "pct3ResTime" : 755.1399999999994,
    "throughput" : 61.32472308771743,
    "receivedKBytesPerSec" : 284.88601294737424,
    "sentKBytesPerSec" : 10.480299355811086
  }
}